{
	"credit": "Made with Blockbench",
	"ambientocclusion": false,
	"textures": {
		"0": "block/ribbon",
		"particle": "block/ribbon"
	},
	"elements": [
		{
			"name": "Rug",
			"from": [0, 0, 0],
			"to": [16, 1, 16],
			"faces": {
				"north": {"uv": [0, 15, 16, 16], "texture": "#0", "cullface": "north"},
				"east": {"uv": [0, 16, 16, 15], "texture": "#0", "cullface": "east"},
				"south": {"uv": [0, 0, 16, 1], "texture": "#0", "cullface": "south"},
				"west": {"uv": [0, 0, 16, 1], "texture": "#0", "cullface": "west"},
				"up": {"uv": [0, 0, 16, 16], "texture": "#0"},
				"down": {"uv": [0, 0, 16, 16], "texture": "#0", "cullface": "down"}
			}
		},
		{
			"from": [1, 0, -2],
			"to": [2, 0.5, 0],
			"faces": {
				"north": {"uv": [0, 0, 1, 0.5], "texture": "#0", "cullface": "north"},
				"east": {"uv": [0, 0, 1, 0.5], "texture": "#0", "cullface": "north"},
				"west": {"uv": [0, 0, 1, 0.5], "texture": "#0", "cullface": "north"},
				"up": {"uv": [0, 0, 1, 1], "texture": "#0", "cullface": "north"},
				"down": {"uv": [0, 0, 1, 1], "texture": "#0", "cullface": "down"}
			}
		},
		{
			"from": [3, 0, -2],
			"to": [4, 0.5, 0],
			"faces": {
				"north": {"uv": [0, 0, 1, 0.5], "texture": "#0", "cullface": "north"},
				"east": {"uv": [0, 0, 1, 0.5], "texture": "#0", "cullface": "north"},
				"west": {"uv": [0, 0, 1, 0.5], "texture": "#0", "cullface": "north"},
				"up": {"uv": [0, 0, 1, 1], "texture": "#0", "cullface": "north"},
				"down": {"uv": [0, 0, 1, 1], "texture": "#0", "cullface": "down"}
			}
		},
		{
			"from": [5, 0, -2],
			"to": [6, 0.5, 0],
			"faces": {
				"north": {"uv": [0, 0, 1, 0.5], "texture": "#0", "cullface": "north"},
				"east": {"uv": [0, 0, 1, 0.5], "texture": "#0", "cullface": "north"},
				"west": {"uv": [0, 0, 1, 0.5], "texture": "#0", "cullface": "north"},
				"up": {"uv": [0, 0, 1, 1], "texture": "#0", "cullface": "north"},
				"down": {"uv": [0, 0, 1, 1], "texture": "#0", "cullface": "down"}
			}
		},
		{
			"from": [7, 0, -2],
			"to": [8, 0.5, 0],
			"faces": {
				"north": {"uv": [0, 0, 1, 0.5], "texture": "#0", "cullface": "north"},
				"east": {"uv": [0, 0, 1, 0.5], "texture": "#0", "cullface": "north"},
				"west": {"uv": [0, 0, 1, 0.5], "texture": "#0", "cullface": "north"},
				"up": {"uv": [0, 0, 1, 1], "texture": "#0", "cullface": "north"},
				"down": {"uv": [0, 0, 1, 1], "texture": "#0", "cullface": "down"}
			}
		},
		{
			"from": [9, 0, -2],
			"to": [10, 0.5, 0],
			"faces": {
				"north": {"uv": [0, 0, 1, 0.5], "texture": "#0", "cullface": "north"},
				"east": {"uv": [0, 0, 1, 0.5], "texture": "#0", "cullface": "north"},
				"west": {"uv": [0, 0, 1, 0.5], "texture": "#0", "cullface": "north"},
				"up": {"uv": [0, 0, 1, 1], "texture": "#0", "cullface": "north"},
				"down": {"uv": [0, 0, 1, 1], "texture": "#0", "cullface": "down"}
			}
		},
		{
			"from": [11, 0, -2],
			"to": [12, 0.5, 0],
			"faces": {
				"north": {"uv": [0, 0, 1, 0.5], "texture": "#0", "cullface": "north"},
				"east": {"uv": [0, 0, 1, 0.5], "texture": "#0", "cullface": "north"},
				"west": {"uv": [0, 0, 1, 0.5], "texture": "#0", "cullface": "north"},
				"up": {"uv": [0, 0, 1, 1], "texture": "#0", "cullface": "north"},
				"down": {"uv": [0, 0, 1, 1], "texture": "#0", "cullface": "down"}
			}
		},
		{
			"from": [13, 0, -2],
			"to": [14, 0.5, 0],
			"faces": {
				"north": {"uv": [0, 0, 1, 0.5], "texture": "#0", "cullface": "north"},
				"east": {"uv": [0, 0, 1, 0.5], "texture": "#0", "cullface": "north"},
				"west": {"uv": [0, 0, 1, 0.5], "texture": "#0", "cullface": "north"},
				"up": {"uv": [0, 0, 1, 1], "texture": "#0", "cullface": "north"},
				"down": {"uv": [0, 0, 1, 1], "texture": "#0", "cullface": "down"}
			}
		},
		{
			"from": [15, 0, -2],
			"to": [16, 0.5, 0],
			"faces": {
				"north": {"uv": [0, 0, 1, 0.5], "texture": "#0", "cullface": "north"},
				"east": {"uv": [0, 0, 1, 0.5], "texture": "#0", "cullface": "north"},
				"west": {"uv": [0, 0, 1, 0.5], "texture": "#0", "cullface": "north"},
				"up": {"uv": [0, 0, 1, 1], "texture": "#0", "cullface": "north"},
				"down": {"uv": [0, 0, 1, 1], "texture": "#0", "cullface": "down"}
			}
		},
		{
			"from": [16, 0, 1],
			"to": [18, 0.5, 2],
			"faces": {
				"north": {"uv": [0, 0, 1, 0.5], "texture": "#0", "cullface": "east"},
				"east": {"uv": [0, 0, 1, 0.5], "texture": "#0", "cullface": "east"},
				"south": {"uv": [0, 0, 1, 0.5], "texture": "#0", "cullface": "east"},
				"up": {"uv": [0, 0, 1, 1], "rotation": 90, "texture": "#0", "cullface": "east"},
				"down": {"uv": [0, 0, 1, 1], "rotation": 270, "texture": "#0", "cullface": "down"}
			}
		},
		{
			"from": [16, 0, 3],
			"to": [18, 0.5, 4],
			"faces": {
				"north": {"uv": [0, 0, 1, 0.5], "texture": "#0", "cullface": "east"},
				"east": {"uv": [0, 0, 1, 0.5], "texture": "#0", "cullface": "east"},
				"south": {"uv": [0, 0, 1, 0.5], "texture": "#0", "cullface": "east"},
				"up": {"uv": [0, 0, 1, 1], "rotation": 90, "texture": "#0", "cullface": "east"},
				"down": {"uv": [0, 0, 1, 1], "rotation": 270, "texture": "#0", "cullface": "down"}
			}
		},
		{
			"from": [16, 0, 5],
			"to": [18, 0.5, 6],
			"faces": {
				"north": {"uv": [0, 0, 1, 0.5], "texture": "#0", "cullface": "east"},
				"east": {"uv": [0, 0, 1, 0.5], "texture": "#0", "cullface": "east"},
				"south": {"uv": [0, 0, 1, 0.5], "texture": "#0", "cullface": "east"},
				"up": {"uv": [0, 0, 1, 1], "rotation": 90, "texture": "#0", "cullface": "east"},
				"down": {"uv": [0, 0, 1, 1], "rotation": 270, "texture": "#0", "cullface": "down"}
			}
		},
		{
			"from": [16, 0, 7],
			"to": [18, 0.5, 8],
			"faces": {
				"north": {"uv": [0, 0, 1, 0.5], "texture": "#0", "cullface": "east"},
				"east": {"uv": [0, 0, 1, 0.5], "texture": "#0", "cullface": "east"},
				"south": {"uv": [0, 0, 1, 0.5], "texture": "#0", "cullface": "east"},
				"up": {"uv": [0, 0, 1, 1], "rotation": 90, "texture": "#0", "cullface": "east"},
				"down": {"uv": [0, 0, 1, 1], "rotation": 270, "texture": "#0", "cullface": "down"}
			}
		},
		{
			"from": [16, 0, 9],
			"to": [18, 0.5, 10],
			"faces": {
				"north": {"uv": [0, 0, 1, 0.5], "texture": "#0", "cullface": "east"},
				"east": {"uv": [0, 0, 1, 0.5], "texture": "#0", "cullface": "east"},
				"south": {"uv": [0, 0, 1, 0.5], "texture": "#0", "cullface": "east"},
				"up": {"uv": [0, 0, 1, 1], "rotation": 90, "texture": "#0", "cullface": "east"},
				"down": {"uv": [0, 0, 1, 1], "rotation": 270, "texture": "#0", "cullface": "down"}
			}
		},
		{
			"from": [16, 0, 11],
			"to": [18, 0.5, 12],
			"faces": {
				"north": {"uv": [0, 0, 1, 0.5], "texture": "#0", "cullface": "east"},
				"east": {"uv": [0, 0, 1, 0.5], "texture": "#0", "cullface": "east"},
				"south": {"uv": [0, 0, 1, 0.5], "texture": "#0", "cullface": "east"},
				"up": {"uv": [0, 0, 1, 1], "rotation": 90, "texture": "#0", "cullface": "east"},
				"down": {"uv": [0, 0, 1, 1], "rotation": 270, "texture": "#0", "cullface": "down"}
			}
		},
		{
			"from": [16, 0, 13],
			"to": [18, 0.5, 14],
			"faces": {
				"north": {"uv": [0, 0, 1, 0.5], "texture": "#0", "cullface": "east"},
				"east": {"uv": [0, 0, 1, 0.5], "texture": "#0", "cullface": "east"},
				"south": {"uv": [0, 0, 1, 0.5], "texture": "#0", "cullface": "east"},
				"up": {"uv": [0, 0, 1, 1], "rotation": 90, "texture": "#0", "cullface": "east"},
				"down": {"uv": [0, 0, 1, 1], "rotation": 270, "texture": "#0", "cullface": "down"}
			}
		},
		{
			"from": [16, 0, 15],
			"to": [18, 0.5, 16],
			"faces": {
				"north": {"uv": [0, 0, 1, 0.5], "texture": "#0", "cullface": "east"},
				"east": {"uv": [0, 0, 1, 0.5], "texture": "#0", "cullface": "east"},
				"south": {"uv": [0, 0, 1, 0.5], "texture": "#0", "cullface": "east"},
				"up": {"uv": [0, 0, 1, 1], "rotation": 90, "texture": "#0", "cullface": "east"},
				"down": {"uv": [0, 0, 1, 1], "rotation": 270, "texture": "#0", "cullface": "down"}
			}
		},
		{
			"from": [-2, 0, 0],
			"to": [0, 0.5, 1],
			"faces": {
				"north": {"uv": [0, 0, 1, 0.5], "texture": "#0", "cullface": "west"},
				"south": {"uv": [0, 0, 1, 0.5], "texture": "#0", "cullface": "west"},
				"west": {"uv": [0, 0, 1, 0.5], "texture": "#0", "cullface": "west"},
				"up": {"uv": [0, 0, 1, 1], "rotation": 90, "texture": "#0", "cullface": "west"},
				"down": {"uv": [0, 0, 1, 1], "rotation": 270, "texture": "#0", "cullface": "west"}
			}
		},
		{
			"from": [-2, 0, 2],
			"to": [0, 0.5, 3],
			"faces": {
				"north": {"uv": [0, 0, 1, 0.5], "texture": "#0", "cullface": "west"},
				"south": {"uv": [0, 0, 1, 0.5], "texture": "#0", "cullface": "west"},
				"west": {"uv": [0, 0, 1, 0.5], "texture": "#0", "cullface": "west"},
				"up": {"uv": [0, 0, 1, 1], "rotation": 90, "texture": "#0", "cullface": "west"},
				"down": {"uv": [0, 0, 1, 1], "rotation": 270, "texture": "#0", "cullface": "west"}
			}
		},
		{
			"from": [-2, 0, 4],
			"to": [0, 0.5, 5],
			"faces": {
				"north": {"uv": [0, 0, 1, 0.5], "texture": "#0", "cullface": "west"},
				"south": {"uv": [0, 0, 1, 0.5], "texture": "#0", "cullface": "west"},
				"west": {"uv": [0, 0, 1, 0.5], "texture": "#0", "cullface": "west"},
				"up": {"uv": [0, 0, 1, 1], "rotation": 90, "texture": "#0", "cullface": "west"},
				"down": {"uv": [0, 0, 1, 1], "rotation": 270, "texture": "#0", "cullface": "west"}
			}
		},
		{
			"from": [-2, 0, 6],
			"to": [0, 0.5, 7],
			"faces": {
				"north": {"uv": [0, 0, 1, 0.5], "texture": "#0", "cullface": "west"},
				"south": {"uv": [0, 0, 1, 0.5], "texture": "#0", "cullface": "west"},
				"west": {"uv": [0, 0, 1, 0.5], "texture": "#0", "cullface": "west"},
				"up": {"uv": [0, 0, 1, 1], "rotation": 90, "texture": "#0", "cullface": "west"},
				"down": {"uv": [0, 0, 1, 1], "rotation": 270, "texture": "#0", "cullface": "west"}
			}
		},
		{
			"from": [-2, 0, 8],
			"to": [0, 0.5, 9],
			"faces": {
				"north": {"uv": [0, 0, 1, 0.5], "texture": "#0", "cullface": "west"},
				"south": {"uv": [0, 0, 1, 0.5], "texture": "#0", "cullface": "west"},
				"west": {"uv": [0, 0, 1, 0.5], "texture": "#0", "cullface": "west"},
				"up": {"uv": [0, 0, 1, 1], "rotation": 90, "texture": "#0", "cullface": "west"},
				"down": {"uv": [0, 0, 1, 1], "rotation": 270, "texture": "#0", "cullface": "west"}
			}
		},
		{
			"from": [-2, 0, 10],
			"to": [0, 0.5, 11],
			"faces": {
				"north": {"uv": [0, 0, 1, 0.5], "texture": "#0", "cullface": "west"},
				"south": {"uv": [0, 0, 1, 0.5], "texture": "#0", "cullface": "west"},
				"west": {"uv": [0, 0, 1, 0.5], "texture": "#0", "cullface": "west"},
				"up": {"uv": [0, 0, 1, 1], "rotation": 90, "texture": "#0", "cullface": "west"},
				"down": {"uv": [0, 0, 1, 1], "rotation": 270, "texture": "#0", "cullface": "west"}
			}
		},
		{
			"from": [-2, 0, 12],
			"to": [0, 0.5, 13],
			"faces": {
				"north": {"uv": [0, 0, 1, 0.5], "texture": "#0", "cullface": "west"},
				"south": {"uv": [0, 0, 1, 0.5], "texture": "#0", "cullface": "west"},
				"west": {"uv": [0, 0, 1, 0.5], "texture": "#0", "cullface": "west"},
				"up": {"uv": [0, 0, 1, 1], "rotation": 90, "texture": "#0", "cullface": "west"},
				"down": {"uv": [0, 0, 1, 1], "rotation": 270, "texture": "#0", "cullface": "west"}
			}
		},
		{
			"from": [-2, 0, 14],
			"to": [0, 0.5, 15],
			"faces": {
				"north": {"uv": [0, 0, 1, 0.5], "texture": "#0", "cullface": "west"},
				"south": {"uv": [0, 0, 1, 0.5], "texture": "#0", "cullface": "west"},
				"west": {"uv": [0, 0, 1, 0.5], "texture": "#0", "cullface": "west"},
				"up": {"uv": [0, 0, 1, 1], "rotation": 90, "texture": "#0", "cullface": "west"},
				"down": {"uv": [0, 0, 1, 1], "rotation": 270, "texture": "#0", "cullface": "west"}
			}
		},
		{
			"from": [0, 0, 16],
			"to": [1, 0.5, 18],
			"faces": {
				"east": {"uv": [0, 0, 1, 0.5], "texture": "#0", "cullface": "south"},
				"south": {"uv": [0, 0, 1, 0.5], "texture": "#0", "cullface": "south"},
				"west": {"uv": [0, 0, 1, 0.5], "texture": "#0", "cullface": "west"},
				"up": {"uv": [0, 0, 1, 1], "texture": "#0", "cullface": "south"},
				"down": {"uv": [0, 0, 1, 1], "texture": "#0", "cullface": "down"}
			}
		},
		{
			"from": [2, 0, 16],
			"to": [3, 0.5, 18],
			"faces": {
				"east": {"uv": [0, 0, 1, 0.5], "texture": "#0", "cullface": "south"},
				"south": {"uv": [0, 0, 1, 0.5], "texture": "#0", "cullface": "south"},
				"west": {"uv": [0, 0, 1, 0.5], "texture": "#0", "cullface": "south"},
				"up": {"uv": [0, 0, 1, 1], "texture": "#0", "cullface": "south"},
				"down": {"uv": [0, 0, 1, 1], "texture": "#0", "cullface": "down"}
			}
		},
		{
			"from": [4, 0, 16],
			"to": [5, 0.5, 18],
			"faces": {
				"east": {"uv": [0, 0, 1, 0.5], "texture": "#0", "cullface": "south"},
				"south": {"uv": [0, 0, 1, 0.5], "texture": "#0", "cullface": "south"},
				"west": {"uv": [0, 0, 1, 0.5], "texture": "#0", "cullface": "south"},
				"up": {"uv": [0, 0, 1, 1], "texture": "#0", "cullface": "south"},
				"down": {"uv": [0, 0, 1, 1], "texture": "#0", "cullface": "down"}
			}
		},
		{
			"from": [6, 0, 16],
			"to": [7, 0.5, 18],
			"faces": {
				"east": {"uv": [0, 0, 1, 0.5], "texture": "#0", "cullface": "south"},
				"south": {"uv": [0, 0, 1, 0.5], "texture": "#0", "cullface": "south"},
				"west": {"uv": [0, 0, 1, 0.5], "texture": "#0", "cullface": "south"},
				"up": {"uv": [0, 0, 1, 1], "texture": "#0", "cullface": "south"},
				"down": {"uv": [0, 0, 1, 1], "texture": "#0", "cullface": "down"}
			}
		},
		{
			"from": [8, 0, 16],
			"to": [9, 0.5, 18],
			"faces": {
				"east": {"uv": [0, 0, 1, 0.5], "texture": "#0", "cullface": "south"},
				"south": {"uv": [0, 0, 1, 0.5], "texture": "#0", "cullface": "south"},
				"west": {"uv": [0, 0, 1, 0.5], "texture": "#0", "cullface": "south"},
				"up": {"uv": [0, 0, 1, 1], "texture": "#0", "cullface": "south"},
				"down": {"uv": [0, 0, 1, 1], "texture": "#0", "cullface": "down"}
			}
		},
		{
			"from": [10, 0, 16],
			"to": [11, 0.5, 18],
			"faces": {
				"east": {"uv": [0, 0, 1, 0.5], "texture": "#0", "cullface": "south"},
				"south": {"uv": [0, 0, 1, 0.5], "texture": "#0", "cullface": "south"},
				"west": {"uv": [0, 0, 1, 0.5], "texture": "#0", "cullface": "south"},
				"up": {"uv": [0, 0, 1, 1], "texture": "#0", "cullface": "south"},
				"down": {"uv": [0, 0, 1, 1], "texture": "#0", "cullface": "down"}
			}
		},
		{
			"from": [12, 0, 16],
			"to": [13, 0.5, 18],
			"faces": {
				"east": {"uv": [0, 0, 1, 0.5], "texture": "#0", "cullface": "south"},
				"south": {"uv": [0, 0, 1, 0.5], "texture": "#0", "cullface": "south"},
				"west": {"uv": [0, 0, 1, 0.5], "texture": "#0", "cullface": "south"},
				"up": {"uv": [0, 0, 1, 1], "texture": "#0", "cullface": "south"},
				"down": {"uv": [0, 0, 1, 1], "texture": "#0", "cullface": "down"}
			}
		},
		{
			"from": [14, 0, 16],
			"to": [15, 0.5, 18],
			"faces": {
				"east": {"uv": [0, 0, 1, 0.5], "texture": "#0", "cullface": "south"},
				"south": {"uv": [0, 0, 1, 0.5], "texture": "#0", "cullface": "south"},
				"west": {"uv": [0, 0, 1, 0.5], "texture": "#0", "cullface": "south"},
				"up": {"uv": [0, 0, 1, 1], "texture": "#0", "cullface": "south"},
				"down": {"uv": [0, 0, 1, 1], "texture": "#0", "cullface": "down"}
			}
		}
	],
	"display": {
		"thirdperson_righthand": {
			"rotation": [75, 45, 0],
			"translation": [0, 2.5, 1.5],
			"scale": [0.375, 0.375, 0.375]
		},
		"thirdperson_lefthand": {
			"rotation": [75, 45, 0],
			"translation": [0, 2.5, 1.5],
			"scale": [0.375, 0.375, 0.375]
		},
		"firstperson_righthand": {
			"rotation": [0, 45, 0],
			"translation": [0, 1.75, 0],
			"scale": [0.4, 0.4, 0.4]
		},
		"firstperson_lefthand": {
			"rotation": [0, 225, 0],
			"translation": [0, 2, 0],
			"scale": [0.4, 0.4, 0.4]
		},
		"ground": {
			"translation": [0, -1.5, 0],
			"scale": [0.25, 0.25, 0.25]
		},
		"gui": {
			"rotation": [30, 225, 0],
			"translation": [0, 1.75, 0],
			"scale": [0.59961, 0.625, 0.54688]
		},
		"head": {
			"translation": [0, 14.75, 0]
		},
		"fixed": {
			"rotation": [-90, 0, 0],
			"translation": [0, 0, -4.5],
			"scale": [0.5, 0.5, 0.5]
		}
	},
	"groups": [
		0,
		{
			"name": "Tassle",
			"origin": [0, 0, 0],
			"color": 0,
			"children": [1, 2, 3, 4, 5, 6, 7, 8]
		},
		{
			"name": "Tassle",
			"origin": [0, 0, 0],
			"color": 0,
			"children": [9, 10, 11, 12, 13, 14, 15, 16]
		},
		{
			"name": "Tassle",
			"origin": [0, 0, 0],
			"color": 0,
			"children": [17, 18, 19, 20, 21, 22, 23, 24]
		},
		{
			"name": "Tassle",
			"origin": [0, 0, 0],
			"color": 0,
			"children": [25, 26, 27, 28, 29, 30, 31, 32]
		}
	]
}